    ✓ refreshes and retries after an explicit CSRF rejection
    ✓ also protects the existing availability write
    ✓ loads supplier review request history and keeps retries on the canonical secure send route
    ✓ does not reference raw invitation or provider tracking fields in the supplier client

PASS tests/unit/shortlist-drawer-ux.test.js
  Shortlist drawer image fallback
    ✓ uses CSP-safe data-fallback-src for broken images instead of inline onerror (1 ms)
    ✓ uses marketplace-placeholder.svg as default image
    ✓ has increased SVG icon size to 24x24
  Shortlist drawer button accessibility
    ✓ has 44x44px touch target for remove button
    ✓ has focus state with visible outline (1 ms)

PASS tests/unit/email-service-critical-delivery.test.js
  email.service critical auth email options
    ✓ marks verification emails as critical transactional delivery attempts
    ✓ marks password reset emails as critical transactional delivery attempts (1 ms)

PASS tests/unit/backend-suite-classification.test.js
  backend Playwright suite classification
    ✓ every backend spec is exactly blocking or quarantined (2 ms)
    ✓ each quarantine entry records specific repair work

2026-07-27 20:42:23 [[33mwarn[39m]: ⚠️  Postmark not configured: POSTMARK_API_KEY environment variable required
2026-07-27 20:42:23 [[33mwarn[39m]:    Emails will be saved to /outbox folder instead
2026-07-27 20:42:23 [[33mwarn[39m]:    Set POSTMARK_API_KEY and POSTMARK_FROM in your .env file
2026-07-27 20:42:23 [[32minfo[39m]: 📧 Sending verification email to user@example.com
2026-07-27 20:42:23 [[32minfo[39m]: 📧 Attempting to send email to u***@example.com
2026-07-27 20:42:23 [[32minfo[39m]:    Subject: Confirm your EventFlow account
2026-07-27 20:42:23 [[32minfo[39m]:    Template: verification
2026-07-27 20:42:23 [[32minfo[39m]:    Message Stream: outbound
2026-07-27 20:42:23 [[33mwarn[39m]: ⚠️  Postmark not configured - saving email to /outbox instead
2026-07-27 20:42:23 [[33mwarn[39m]: ⚠️  Postmark not configured: POSTMARK_API_KEY environment variable required
2026-07-27 20:42:23 [[33mwarn[39m]:    Emails will be saved to /outbox folder instead
2026-07-27 20:42:23 [[33mwarn[39m]:    Set POSTMARK_API_KEY and POSTMARK_FROM in your .env file
2026-07-27 20:42:23 [[32minfo[39m]: 📧 Sending password reset email to user@example.com
2026-07-27 20:42:23 [[32minfo[39m]: 📧 Attempting to send email to u***@example.com
2026-07-27 20:42:23 [[32minfo[39m]:    Subject: Reset your EventFlow password
2026-07-27 20:42:23 [[32minfo[39m]:    Template: password-reset
2026-07-27 20:42:23 [[32minfo[39m]:    Message Stream: password-reset
2026-07-27 20:42:23 [[33mwarn[39m]: ⚠️  Postmark not configured - saving email to /outbox instead
PASS tests/unit/postmark-critical-delivery.test.js
  postmark critical delivery
    ✓ production critical verification email fails when Postmark is unavailable (24 ms)
    ✓ production critical password reset email fails when Postmark is unavailable (7 ms)

PASS tests/unit/static-server-render-path.test.js
  scripts/serve-static public HTML render path
    ✓ serves the static-server homepage through renderer before express.static (1 ms)
    ✓ canonical public pages use sendRenderedHtml instead of raw sendFile
    ✓ /suppliers uses the renderer instead of raw sendFile

PASS tests/unit/supplier-profile-loading-parity.test.js
  supplier profile loading parity contracts
    ✓ keeps the unresolved hero at the final compact fallback height
    ✓ reserves the main and sidebar structure during loading
    ✓ keeps loading actions inert and hides the install prompt (1 ms)
    ✓ tightens the final content transition after the identity strip

PASS tests/integration/sentry-frontend-coverage.test.js
  Frontend Sentry error tracking coverage
    admin-payments.html
      ✓ loads global-error-handler.js
      ✓ loads sentry-browser-init.js for remote error capture
      ✓ loads sentry-browser-init.js after global-error-handler.js
    admin-photos.html
      ✓ loads global-error-handler.js
      ✓ loads sentry-browser-init.js for remote error capture
      ✓ loads sentry-browser-init.js after global-error-handler.js
    admin-supplier-detail.html
      ✓ loads global-error-handler.js
      ✓ loads sentry-browser-init.js for remote error capture
      ✓ loads sentry-browser-init.js after global-error-handler.js
    admin.html
      ✓ loads global-error-handler.js
      ✓ loads sentry-browser-init.js for remote error capture
      ✓ loads sentry-browser-init.js after global-error-handler.js (1 ms)
    auth.html
      ✓ loads global-error-handler.js
      ✓ loads sentry-browser-init.js for remote error capture
      ✓ loads sentry-browser-init.js after global-error-handler.js
    contact.html
      ✓ loads global-error-handler.js
      ✓ loads sentry-browser-init.js for remote error capture
      ✓ loads sentry-browser-init.js after global-error-handler.js
    dashboard-customer.html
      ✓ loads global-error-handler.js
      ✓ loads sentry-browser-init.js for remote error capture
      ✓ loads sentry-browser-init.js after global-error-handler.js
    dashboard-supplier.html
      ✓ loads global-error-handler.js
      ✓ loads sentry-browser-init.js for remote error capture
      ✓ loads sentry-browser-init.js after global-error-handler.js (5 ms)
    faq.html
      ✓ loads global-error-handler.js
      ✓ loads sentry-browser-init.js for remote error capture
      ✓ loads sentry-browser-init.js after global-error-handler.js
    gallery.html
      ✓ loads global-error-handler.js (1 ms)
      ✓ loads sentry-browser-init.js for remote error capture
      ✓ loads sentry-browser-init.js after global-error-handler.js
    index.html
      ✓ loads global-error-handler.js
      ✓ loads sentry-browser-init.js for remote error capture
      ✓ loads sentry-browser-init.js after global-error-handler.js
    marketplace.html
      ✓ loads global-error-handler.js
      ✓ loads sentry-browser-init.js for remote error capture
      ✓ loads sentry-browser-init.js after global-error-handler.js
    notifications.html
      ✓ loads global-error-handler.js
      ✓ loads sentry-browser-init.js for remote error capture
      ✓ loads sentry-browser-init.js after global-error-handler.js
    payment-cancel.html
      ✓ loads global-error-handler.js
      ✓ loads sentry-browser-init.js for remote error capture
      ✓ loads sentry-browser-init.js after global-error-handler.js
    pricing.html
      ✓ loads global-error-handler.js
      ✓ loads sentry-browser-init.js for remote error capture
      ✓ loads sentry-browser-init.js after global-error-handler.js
    settings.html
      ✓ loads global-error-handler.js
      ✓ loads sentry-browser-init.js for remote error capture
      ✓ loads sentry-browser-init.js after global-error-handler.js
    suppliers.html
      ✓ loads global-error-handler.js
      ✓ loads sentry-browser-init.js for remote error capture
      ✓ loads sentry-browser-init.js after global-error-handler.js

PASS tests/unit/supplier-public-profile-messaging.test.js
  safe public supplier messaging recipient projection
    ✓ exposes a sanitised messaging recipient only when quick-compose opts in (1 ms)
    ✓ strips markup from the messaging recipient id before returning it

PASS tests/unit/public-listing-template-cleanup.test.js
  public listing template cleanup
    ✓ removes the generic event JSON-LD placeholder before server metadata is injected (1 ms)

PASS tests/unit/admin-debug-background-jobs.test.js
  admin debug background jobs integration
    ✓ adds a read-only Background Jobs tab to the existing debug page
    ✓ loads the protected background jobs API and labels telemetry limitations (1 ms)
    ✓ exposes authenticated read-only endpoints from the existing system-check routes

PASS tests/unit/public-html-head.test.js
  public HTML head and PWA icon markup
    ✓ admin-analytics.html has one well-formed head section
    ✓ admin-audit.html has one well-formed head section (1 ms)
    ✓ admin-campaigns.html has one well-formed head section
    ✓ admin-cashout-requests.html has one well-formed head section
    ✓ admin-content-dates.html has one well-formed head section
    ✓ admin-content.html has one well-formed head section (1 ms)
    ✓ admin-debug.html has one well-formed head section
    ✓ admin-email-previews.html has one well-formed head section
    ✓ admin-emails.html has one well-formed head section
    ✓ admin-exports.html has one well-formed head section
    ✓ admin-external-contacts.html has one well-formed head section (1 ms)
    ✓ admin-homepage.html has one well-formed head section (6 ms)
    ✓ admin-marketplace.html has one well-formed head section
    ✓ admin-media.html has one well-formed head section
    ✓ admin-messenger-view.html has one well-formed head section
    ✓ admin-messenger.html has one well-formed head section
    ✓ admin-packages.html has one well-formed head section (1 ms)
    ✓ admin-partner-campaign-report.html has one well-formed head section
    ✓ admin-partners.html has one well-formed head section
    ✓ admin-payments.html has one well-formed head section
    ✓ admin-pexels.html has one well-formed head section
    ✓ admin-photos.html has one well-formed head section (1 ms)
    ✓ admin-public-calendar.html has one well-formed head section
    ✓ admin-reports.html has one well-formed head section
    ✓ admin-reviews.html has one well-formed head section
    ✓ admin-search.html has one well-formed head section
    ✓ admin-settings.html has one well-formed head section (1 ms)
    ✓ admin-supplier-detail.html has one well-formed head section
    ✓ admin-suppliers.html has one well-formed head section
    ✓ admin-tickets.html has one well-formed head section (1 ms)
    ✓ admin-user-detail.html has one well-formed head section
    ✓ admin-users.html has one well-formed head section
    ✓ admin.html has one well-formed head section
    ✓ auth.html has one well-formed head section (1 ms)
    ✓ budget.html has one well-formed head section
    ✓ category.html has one well-formed head section
    ✓ checkout.html has one well-formed head section
    ✓ compare.html has one well-formed head section
    ✓ contact.html has one well-formed head section
    ✓ conversation.html has one well-formed head section
    ✓ credits.html has one well-formed head section
    ✓ dashboard-customer.html has one well-formed head section
    ✓ dashboard-supplier.html has one well-formed head section (1 ms)
    ✓ dashboard.html has one well-formed head section
    ✓ data-rights.html has one well-formed head section
    ✓ demo-loading-spinner.html has one well-formed head section
    ✓ event-detail.html has one well-formed head section (1 ms)
    ✓ faq.html has one well-formed head section
    ✓ for-suppliers.html has one well-formed head section
    ✓ forgot-password.html has one well-formed head section
    ✓ gallery.html has one well-formed head section
    ✓ google-auth-diagnostics.html has one well-formed head section
    ✓ guests.html has one well-formed head section
    ✓ guides.html has one well-formed head section
    ✓ home-v2.html has one well-formed head section
    ✓ index.html has one well-formed head section (1 ms)
    ✓ legal.html has one well-formed head section (3 ms)
    ✓ maintenance.html has one well-formed head section
    ✓ marketplace.html has one well-formed head section (1 ms)
    ✓ messages.html has one well-formed head section
    ✓ messaging-demo.html has one well-formed head section
    ✓ mobile-preview.html has one well-formed head section
    ✓ my-marketplace-listings.html has one well-formed head section
    ✓ notifications.html has one well-formed head section (1 ms)
    ✓ offline.html has one well-formed head section
    ✓ package.html has one well-formed head section
    ✓ payment-cancel.html has one well-formed head section
    ✓ payment-success.html has one well-formed head section
    ✓ plan.html has one well-formed head section (1 ms)
    ✓ pricing.html has one well-formed head section
    ✓ privacy.html has one well-formed head section
    ✓ public-calendar.html has one well-formed head section
    ✓ reset-password.html has one well-formed head section (1 ms)
    ✓ settings.html has one well-formed head section
    ✓ start.html has one well-formed head section
    ✓ supplier-card-showcase.html has one well-formed head section
    ✓ supplier.html has one well-formed head section
    ✓ suppliers.html has one well-formed head section (1 ms)
    ✓ support.html has one well-formed head section
    ✓ terms.html has one well-formed head section
    ✓ timeline.html has one well-formed head section
    ✓ unsubscribed-action-prompts.html has one well-formed head section (1 ms)
    ✓ verify.html has one well-formed head section
    ✓ wedding.html has one well-formed head section
    ✓ admin-analytics.html keeps favicon and manifest links inside head (1 ms)
    ✓ admin-audit.html keeps favicon and manifest links inside head
    ✓ admin-campaigns.html keeps favicon and manifest links inside head
    ✓ admin-cashout-requests.html keeps favicon and manifest links inside head
    ✓ admin-content-dates.html keeps favicon and manifest links inside head (1 ms)
    ✓ admin-content.html keeps favicon and manifest links inside head
    ✓ admin-debug.html keeps favicon and manifest links inside head
    ✓ admin-email-previews.html keeps favicon and manifest links inside head
    ✓ admin-emails.html keeps favicon and manifest links inside head (1 ms)
    ✓ admin-exports.html keeps favicon and manifest links inside head
    ✓ admin-external-contacts.html keeps favicon and manifest links inside head
    ✓ admin-homepage.html keeps favicon and manifest links inside head (1 ms)
    ✓ admin-marketplace.html keeps favicon and manifest links inside head
    ✓ admin-media.html keeps favicon and manifest links inside head
    ✓ admin-messenger-view.html keeps favicon and manifest links inside head
    ✓ admin-messenger.html keeps favicon and manifest links inside head (1 ms)
    ✓ admin-packages.html keeps favicon and manifest links inside head (1 ms)
    ✓ admin-partner-campaign-report.html keeps favicon and manifest links inside head (1 ms)
    ✓ admin-partners.html keeps favicon and manifest links inside head
    ✓ admin-payments.html keeps favicon and manifest links inside head
    ✓ admin-pexels.html keeps favicon and manifest links inside head
    ✓ admin-photos.html keeps favicon and manifest links inside head (1 ms)
    ✓ admin-public-calendar.html keeps favicon and manifest links inside head
    ✓ admin-reports.html keeps favicon and manifest links inside head
    ✓ admin-reviews.html keeps favicon and manifest links inside head
    ✓ admin-search.html keeps favicon and manifest links inside head (1 ms)
    ✓ admin-settings.html keeps favicon and manifest links inside head
    ✓ admin-supplier-detail.html keeps favicon and manifest links inside head
    ✓ admin-suppliers.html keeps favicon and manifest links inside head
    ✓ admin-tickets.html keeps favicon and manifest links inside head (1 ms)
    ✓ admin-user-detail.html keeps favicon and manifest links inside head
    ✓ admin-users.html keeps favicon and manifest links inside head
    ✓ admin.html keeps favicon and manifest links inside head
    ✓ auth.html keeps favicon and manifest links inside head (1 ms)
    ✓ budget.html keeps favicon and manifest links inside head
    ✓ category.html keeps favicon and manifest links inside head
    ✓ checkout.html keeps favicon and manifest links inside head
    ✓ compare.html keeps favicon and manifest links inside head
    ✓ contact.html keeps favicon and manifest links inside head
    ✓ conversation.html keeps favicon and manifest links inside head
    ✓ credits.html keeps favicon and manifest links inside head
    ✓ dashboard-customer.html keeps favicon and manifest links inside head (1 ms)
    ✓ dashboard-supplier.html keeps favicon and manifest links inside head
    ✓ dashboard.html keeps favicon and manifest links inside head (1 ms)
    ✓ data-rights.html keeps favicon and manifest links inside head
    ✓ demo-loading-spinner.html keeps favicon and manifest links inside head
    ✓ event-detail.html keeps favicon and manifest links inside head
    ✓ faq.html keeps favicon and manifest links inside head (1 ms)
    ✓ for-suppliers.html keeps favicon and manifest links inside head
    ✓ forgot-password.html keeps favicon and manifest links inside head
    ✓ gallery.html keeps favicon and manifest links inside head (2 ms)
    ✓ google-auth-diagnostics.html keeps favicon and manifest links inside head
    ✓ guests.html keeps favicon and manifest links inside head
    ✓ guides.html keeps favicon and manifest links inside head (1 ms)
    ✓ home-v2.html keeps favicon and manifest links inside head
    ✓ index.html keeps favicon and manifest links inside head
    ✓ legal.html keeps favicon and manifest links inside head
    ✓ maintenance.html keeps favicon and manifest links inside head
    ✓ marketplace.html keeps favicon and manifest links inside head (1 ms)
    ✓ messages.html keeps favicon and manifest links inside head
    ✓ messaging-demo.html keeps favicon and manifest links inside head
    ✓ mobile-preview.html keeps favicon and manifest links inside head
    ✓ my-marketplace-listings.html keeps favicon and manifest links inside head (1 ms)
    ✓ notifications.html keeps favicon and manifest links inside head
    ✓ offline.html keeps favicon and manifest links inside head
    ✓ package.html keeps favicon and manifest links inside head (1 ms)
    ✓ payment-cancel.html keeps favicon and manifest links inside head
    ✓ payment-success.html keeps favicon and manifest links inside head (1 ms)
    ✓ plan.html keeps favicon and manifest links inside head
    ✓ pricing.html keeps favicon and manifest links inside head (1 ms)
    ✓ privacy.html keeps favicon and manifest links inside head
    ✓ public-calendar.html keeps favicon and manifest links inside head
    ✓ reset-password.html keeps favicon and manifest links inside head (1 ms)
    ✓ settings.html keeps favicon and manifest links inside head
    ✓ start.html keeps favicon and manifest links inside head
    ✓ supplier-card-showcase.html keeps favicon and manifest links inside head (1 ms)
    ✓ supplier.html keeps favicon and manifest links inside head
    ✓ suppliers.html keeps favicon and manifest links inside head
    ✓ support.html keeps favicon and manifest links inside head
    ✓ terms.html keeps favicon and manifest links inside head (1 ms)
    ✓ timeline.html keeps favicon and manifest links inside head
    ✓ unsubscribed-action-prompts.html keeps favicon and manifest links inside head
    ✓ verify.html keeps favicon and manifest links inside head (2 ms)
    ✓ wedding.html keeps favicon and manifest links inside head

PASS tests/unit/csrf-token-helper.test.js
  EventFlowCsrf helper
    ✓ prefers window.__CSRF_TOKEN__ when available (1 ms)
    ✓ reads the canonical csrf cookie
    ✓ falls back to the legacy csrfToken cookie (1 ms)
    ✓ returns an empty string when no token source exists

PASS tests/unit/supplier-profile-commercial-polish.test.js
  supplier profile commercial polish contracts
    ✓ loads the shared component styles and final supplier polish layer
    ✓ widens desktop composition and reduces decorative fallback heroes
    ✓ coordinates cookie consent and the PWA install prompt
    ✓ compacts the empty review experience (1 ms)

PASS tests/unit/home-v3-selected-upload-bridge.test.js
  home V3 selected upload bridge
    ✓ installs the bridge before the V3 player initialises
    ✓ maps selected uploaded videos into the legacy upload gallery contract
    ✓ retains the existing V3 upload playlist and fallback flow

PASS tests/unit/service-worker-image-cache.test.js
  service worker image cache handling
    ✓ bumps the cache version to evict old image cache entries (1 ms)
    ✓ routes /api/photos image requests before the generic API handler
    ✓ only writes successful image responses to the cache

PASS tests/integration/messenger-deferred-static.test.js
  Messenger deferred follow-ups (static checks)
    ✓ wires queue enqueue from messenger service (1 ms)
    ✓ adds queue files and worker entrypoint
    ✓ includes reconciliation and read-by UI modules (1 ms)

PASS tests/unit/photos-routes.test.js
  Photos Routes Module
    ✓ should be requireable without crashing (156 ms)
    ✓ should export initializeDependencies function (2 ms)
    ✓ should export a router instance (1 ms)

PASS tests/unit/jade-widget-bundle.test.js
  vendored jade-widget.js bundle
    ✓ exists and is non-empty (1 ms)
    ✓ calls /api/widget/chat (the public unauthenticated endpoint)
    ✓ does NOT call the JWT-protected /api/chat endpoint directly

PASS tests/unit/csv.test.js
  CSV serialization
    ✓ neutralises spreadsheet formula value =2+2 (1 ms)
    ✓ neutralises spreadsheet formula value +SUM(A1:A2)
    ✓ neutralises spreadsheet formula value -10+20
    ✓ neutralises spreadsheet formula value @command (1 ms)
    ✓ escapes quotes, commas and line breaks without changing the cell structure
    ✓ serialises a fixed-width UTF-8 CSV with a BOM by default
    ✓ rejects malformed row inputs (4 ms)

PASS tests/carousel-layout.test.js
  Carousel layout CSS snapshot
    ✓ carousel-content height is 84vh
    ✓ carousel-image desktop max-height is 82vh
    ✓ mobile carousel-image max-height uses calc(84vh - 252px)
    ✓ carousel-counter bottom is 12px (desktop)
    ✓ landscape mobile media query exists

PASS tests/unit/marketplace-messaging-seller-resolution.test.js
  Marketplace seller identity resolution
    ✓ frontend messaging uses normalized seller user id fallback chain
    ✓ marketplace listings API attaches sellerUserId and sellerSupplierId (1 ms)

PASS tests/unit/production-synthetic-supplier-profile.test.js
  production supplier-profile synthetics
    ✓ the scheduled workflow runs the script containing supplier-profile checks
    ✓ does not leave a duplicate, unwired production script behind (1 ms)

PASS tests/unit/notification-query-hardening.test.js
  notification query hardening helpers
    ✓ clamps limit within safe bounds (1 ms)
    ✓ clamps skip within safe bounds
    ✓ normalises optional enum filters (1 ms)

PASS tests/unit/admin-review-request-client.test.js
  admin review request operations client
    ✓ adds a dedicated review request operations tab and filters (1 ms)
    ✓ loads operational data and links requests to the existing email log detail

PASS tests/unit/backend-e2e-rate-limit.test.js
  backend E2E rate-limit isolation
    ✓ isolates the explicit full backend browser server (1 ms)
    ✓ does not weaken ordinary tests, development or production (7 ms)

PASS tests/unit/verification-provenance-service.test.js
  verification provenance service
    ✓ marks Google signups as Google verified
    ✓ marks admin-created accounts as admin created

PASS tests/unit/wedding-image-url.test.js
  wedding image URL sanitiser
    ✓ allows http, https and valid base64 data image URLs
    ✓ blocks unsafe, malformed and unsupported image URLs (1 ms)

PASS tests/unit/notification-dropdown-accessibility.test.js
  notification dropdown accessibility
    ✓ pre-renders the notifications page dropdown as a labelled dialog (1 ms)
    ✓ sets bell and dynamically-created dropdown accessibility attributes

PASS tests/unit/public-read-rate-limit.test.js
  crawler-safe public calendar read classification
    ✓ classifies /api/v1/public-calendar/events as a public read (1 ms)
    ✓ classifies /api/public-calendar/events?limit=50 as a public read
    ✓ classifies /api/v1/public-calendar/events/cardiff-wedding-fair as a public read
    ✓ classifies /api/public-calendar/events/pce_123/ics as a public read
    ✓ keeps POST /api/v1/public-calendar/events outside the crawler-safe bucket
    ✓ keeps GET /api/v1/public-calendar/events/saved outside the crawler-safe bucket
    ✓ keeps GET /api/v1/public-calendar/events/pce_123/save outside the crawler-safe bucket
    ✓ keeps GET /api/v1/admin/events outside the crawler-safe bucket

PASS tests/unit/photos-public-serving.test.js
  public /api/photos serving contract
    ✓ keeps GET /api/photos/:id publicly readable without auth middleware (1 ms)

PASS tests/unit/messenger-empty-state-accessibility.test.js
  Messenger empty state accessibility
    ✓ marks chat empty/loading failure states as polite status regions
    ✓ keeps conversation-list empty states accessible and actionable

PASS tests/integration/jadeassist-launcher-behaviour.test.js
  JadeAssist native launcher behaviour
    ✓ passes its launcher asset and dismissal suite in the supported Node/jsdom runtime (662 ms)

PASS tests/integration/dashboard-supplier-security-assets.test.js
  Dashboard supplier security-oriented script loading
    ✓ uses local confetti script instead of jsdelivr CDN (1 ms)
    ✓ does not include JadeAssist third-party widget script on supplier dashboard

PASS tests/unit/marketplace-new-listing-upload-flow.test.js
  Marketplace new listing image upload flow
    ✓ uses batch photo upload endpoint for marketplace images (1 ms)
    ✓ includes existing image URLs in listing update payload

PASS tests/unit/notification-dispatcher-enum.test.js
  NotificationDispatcher enum drift guard
    ✓ matches models/index.js NOTIFICATION_TYPES exactly (order + length)

PASS tests/unit/google-identity-security-headers.test.js
  Google Identity Services security headers
    ✓ allows Google sign-in popups to keep their opener relationship (3 ms)

PASS tests/unit/marketplace-auth-endpoints.test.js
  Marketplace auth endpoint usage
    ✓ public/assets/js/my-marketplace-listings.js should use /api/v1/auth/me and not legacy /api/v1/user
    ✓ public/assets/js/marketplace-new-listing.js should use /api/v1/auth/me and not legacy /api/v1/user

PASS tests/unit/read-by-modal.test.js
  ReadByModal route-change behavior (static)
    ✓ registers popstate/hashchange listeners and closes on route change (1 ms)

PASS tests/unit/queue-config.test.js
  queue production Redis config
    ✓ throws in production when REDIS_URL is missing (42 ms)

-----------------------------------------|---------|----------|---------|---------|-----------------------------------------------------------------------------------------------------------------------------------------------------------------------------------------------------------------------------------------------------------------------------------------------------------------------------------------------------------------------------------------------------------------------------------------------------------------------------------------------------------------------------------------------------------------------------------------------------------------------------------------------------------------------------------------------------------------------------------------------------------------------------------------------------------------------------------------------------------------------------------------------------------------------------------------------------------------------------------------------------------------------------------------------------------------------------------------------------------------------------------------------------------------
File                                     | % Stmts | % Branch | % Funcs | % Lines | Uncovered Line #s                                                                                                                                                                                                                                                                                                                                                                                                                                                                                                                                                                                                                                                                                                                                                                                                                                                                                                                                                                                                                                                                                                                                               
-----------------------------------------|---------|----------|---------|---------|-----------------------------------------------------------------------------------------------------------------------------------------------------------------------------------------------------------------------------------------------------------------------------------------------------------------------------------------------------------------------------------------------------------------------------------------------------------------------------------------------------------------------------------------------------------------------------------------------------------------------------------------------------------------------------------------------------------------------------------------------------------------------------------------------------------------------------------------------------------------------------------------------------------------------------------------------------------------------------------------------------------------------------------------------------------------------------------------------------------------------------------------------------------------
All files                                |   39.02 |    34.82 |   38.82 |   39.26 |                                                                                                                                                                                                                                                                                                                                                                                                                                                                                                                                                                                                                                                                                                                                                                                                                                                                                                                                                                                                                                                                                                                                                                 
 EventFlow                               |   22.06 |     16.1 |   16.99 |   22.35 |                                                                                                                                                                                                                                                                                                                                                                                                                                                                                                                                                                                                                                                                                                                                                                                                                                                                                                                                                                                                                                                                                                                                                                 
  .eslintrc.js                           |       0 |      100 |     100 |       0 | 1                                                                                                                                                                                                                                                                                                                                                                                                                                                                                                                                                                                                                                                                                                                                                                                                                                                                                                                                                                                                                                                                                                                                                               
  cache.js                               |   31.85 |    30.76 |   30.76 |   31.85 | 49-84,98-104,110-113,125-127,145-146,154-183,197-201,208-211,216-319                                                                                                                                                                                                                                                                                                                                                                                                                                                                                                                                                                                                                                                                                                                                                                                                                                                                                                                                                                                                                                                                                            
  data-access-sync.js                    |       0 |      100 |       0 |       0 | 1-31                                                                                                                                                                                                                                                                                                                                                                                                                                                                                                                                                                                                                                                                                                                                                                                                                                                                                                                                                                                                                                                                                                                                                            
  data-access.js                         |       0 |        0 |       0 |       0 | 10-393                                                                                                                                                                                                                                                                                                                                                                                                                                                                                                                                                                                                                                                                                                                                                                                                                                                                                                                                                                                                                                                                                                                                                          
  db-init.js                             |       0 |        0 |       0 |       0 | 7-193                                                                                                                                                                                                                                                                                                                                                                                                                                                                                                                                                                                                                                                                                                                                                                                                                                                                                                                                                                                                                                                                                                                                                           
  db-unified.js                          |   17.42 |    23.38 |    37.5 |   17.18 | 44-48,57,64,80-90,102-347,355-366,371-376,384-397,403-420,428-433,444-445,453-458,462,468-469,487-490,512-553,561-563,571-621,643-717,723,729-751,760-840,856,864-892                                                                                                                                                                                                                                                                                                                                                                                                                                                                                                                                                                                                                                                                                                                                                                                                                                                                                                                                                                                           
  db-utils.js                            |   29.66 |     72.5 |   28.57 |   29.66 | 23-24,58-294,396-397                                                                                                                                                                                                                                                                                                                                                                                                                                                                                                                                                                                                                                                                                                                                                                                                                                                                                                                                                                                                                                                                                                                                            
  db.js                                  |   63.46 |    61.26 |   57.89 |   64.28 | 53,75,113,205,215-220,235,240-242,267-278,294-308,313-326,328-338,350-353,390,395-412,429-452,503-510                                                                                                                                                                                                                                                                                                                                                                                                                                                                                                                                                                                                                                                                                                                                                                                                                                                                                                                                                                                                                                                           
  jest.open-handles.config.js            |       0 |      100 |     100 |       0 | 3-5                                                                                                                                                                                                                                                                                                                                                                                                                                                                                                                                                                                                                                                                                                                                                                                                                                                                                                                                                                                                                                                                                                                                                             
  migrate-phase2.js                      |       0 |        0 |       0 |       0 | 8-541                                                                                                                                                                                                                                                                                                                                                                                                                                                                                                                                                                                                                                                                                                                                                                                                                                                                                                                                                                                                                                                                                                                                                           
  migrate-to-mongodb.js                  |       0 |        0 |       0 |       0 | 10-64                                                                                                                                                                                                                                                                                                                                                                                                                                                                                                                                                                                                                                                                                                                                                                                                                                                                                                                                                                                                                                                                                                                                                           
  photo-upload.js                        |   21.12 |    20.14 |      15 |    21.5 | 55-65,77-80,107-304,341-488,555-778,797-966                                                                                                                                                                                                                                                                                                                                                                                                                                                                                                                                                                                                                                                                                                                                                                                                                                                                                                                                                                                                                                                                                                                     
  playwright-visual.config.js            |       0 |        0 |       0 |       0 |                                                                                                                                                                                                                                                                                                                                                                                                                                                                                                                                                                                                                                                                                                                                                                                                                                                                                                                                                                                                                                                                                                                                                                 
  reviews.js                             |    3.87 |        0 |       0 |    4.41 | 54-775                                                                                                                                                                                                                                                                                                                                                                                                                                                                                                                                                                                                                                                                                                                                                                                                                                                                                                                                                                                                                                                                                                                                                          
  search.js                              |    1.91 |        0 |       0 |    2.02 | 18-457                                                                                                                                                                                                                                                                                                                                                                                                                                                                                                                                                                                                                                                                                                                                                                                                                                                                                                                                                                                                                                                                                                                                                          
  seed.js                                |    4.05 |        0 |       0 |    4.16 | 15-648                                                                                                                                                                                                                                                                                                                                                                                                                                                                                                                                                                                                                                                                                                                                                                                                                                                                                                                                                                                                                                                                                                                                                          
  server.js                              |   29.44 |     8.35 |   17.64 |   29.43 | 123-126,131-134,146-167,200-214,237-312,322-323,384,402-419,496-497,505-508,511-514,518-519,522-523,530-534,541-544,552-553,559-562,568-570,575-576,581-582,585-586,595-602,607-608,613-616,621-625,630-647,688-692,717-721,737-740,748-759,765-775,781-791,811-812,843-854,864-868,908-973,985,1109-1115,1203-1211,1224-1243,1316-1320,1337-1998,2007-2010,2016-2017,2021-2025,2031-2040,2044-2053                                                                                                                                                                                                                                                                                                                                                                                                                                                                                                                                                                                                                                                                                                                                                             
  sitemap.js                             |   81.53 |    57.14 |      80 |   85.96 | 40-41,70-71,130,143,157,180                                                                                                                                                                                                                                                                                                                                                                                                                                                                                                                                                                                                                                                                                                                                                                                                                                                                                                                                                                                                                                                                                                                                     
  store.js                               |   75.92 |    48.88 |     100 |   75.92 | 75,97,111-124,140                                                                                                                                                                                                                                                                                                                                                                                                                                                                                                                                                                                                                                                                                                                                                                                                                                                                                                                                                                                                                                                                                                                                               
  test-db-unified.js                     |       0 |        0 |       0 |       0 | 7-81                                                                                                                                                                                                                                                                                                                                                                                                                                                                                                                                                                                                                                                                                                                                                                                                                                                                                                                                                                                                                                                                                                                                                            
  websocket-server-v2.js                 |    12.5 |     8.38 |    5.55 |   12.53 | 34-40,44,67,100-106,119-125,129-330,339,358-840,888-993                                                                                                                                                                                                                                                                                                                                                                                                                                                                                                                                                                                                                                                                                                                                                                                                                                                                                                                                                                                                                                                                                                         
  websocket-server.js                    |    19.6 |     5.71 |    8.33 |    19.6 | 75-81,85-285                                                                                                                                                                                                                                                                                                                                                                                                                                                                                                                                                                                                                                                                                                                                                                                                                                                                                                                                                                                                                                                                                                                                                    
 EventFlow/middleware                    |   55.98 |    58.31 |    59.9 |   56.41 |                                                                                                                                                                                                                                                                                                                                                                                                                                                                                                                                                                                                                                                                                                                                                                                                                                                                                                                                                                                                                                                                                                                                                                 
  ab-testing.js                          |       0 |        0 |       0 |       0 | 8-296                                                                                                                                                                                                                                                                                                                                                                                                                                                                                                                                                                                                                                                                                                                                                                                                                                                                                                                                                                                                                                                                                                                                                           
  adminPages.js                          |      50 |    16.66 |     100 |      50 | 28-51                                                                                                                                                                                                                                                                                                                                                                                                                                                                                                                                                                                                                                                                                                                                                                                                                                                                                                                                                                                                                                                                                                                                                           
  api-versioning.js                      |     100 |       90 |     100 |     100 | 53                                                                                                                                                                                                                                                                                                                                                                                                                                                                                                                                                                                                                                                                                                                                                                                                                                                                                                                                                                                                                                                                                                                                                              
  audit-actions.js                       |     100 |      100 |     100 |     100 |                                                                                                                                                                                                                                                                                                                                                                                                                                                                                                                                                                                                                                                                                                                                                                                                                                                                                                                                                                                                                                                                                                                                                                 
  audit.js                               |    7.14 |        0 |    7.14 |    7.93 | 35-62,77-199                                                                                                                                                                                                                                                                                                                                                                                                                                                                                                                                                                                                                                                                                                                                                                                                                                                                                                                                                                                                                                                                                                                                                    
  auth.js                                |   77.11 |    77.64 |   84.61 |   77.77 | 19-27,136,139,188-192,212-214,230-231,241-246,291-298                                                                                                                                                                                                                                                                                                                                                                                                                                                                                                                                                                                                                                                                                                                                                                                                                                                                                                                                                                                                                                                                                                           
  cache.js                               |   23.75 |    23.52 |   22.22 |   24.05 | 24-163,223-224,229-230                                                                                                                                                                                                                                                                                                                                                                                                                                                                                                                                                                                                                                                                                                                                                                                                                                                                                                                                                                                                                                                                                                                                          
  compression.js                         |      80 |    66.66 |     100 |      80 | 37,43                                                                                                                                                                                                                                                                                                                                                                                                                                                                                                                                                                                                                                                                                                                                                                                                                                                                                                                                                                                                                                                                                                                                                           
  csrf.js                                |   95.83 |     90.9 |     100 |   95.83 | 65                                                                                                                                                                                                                                                                                                                                                                                                                                                                                                                                                                                                                                                                                                                                                                                                                                                                                                                                                                                                                                                                                                                                                              
  domain-admin.js                        |   88.88 |       90 |    90.9 |   88.88 | 211-223                                                                                                                                                                                                                                                                                                                                                                                                                                                                                                                                                                                                                                                                                                                                                                                                                                                                                                                                                                                                                                                                                                                                                         
  errorHandler.js                        |   78.26 |    78.43 |      75 |   78.26 | 19-28,82,124,152-172,183                                                                                                                                                                                                                                                                                                                                                                                                                                                                                                                                                                                                                                                                                                                                                                                                                                                                                                                                                                                                                                                                                                                                        
  features.js                            |   80.95 |       70 |     100 |   80.95 | 78-87                                                                                                                                                                                                                                                                                                                                                                                                                                                                                                                                                                                                                                                                                                                                                                                                                                                                                                                                                                                                                                                                                                                                                           
  index.js                               |       0 |      100 |       0 |       0 | 8-34                                                                                                                                                                                                                                                                                                                                                                                                                                                                                                                                                                                                                                                                                                                                                                                                                                                                                                                                                                                                                                                                                                                                                            
  legacyApiDeprecation.js                |     100 |      100 |     100 |     100 |                                                                                                                                                                                                                                                                                                                                                                                                                                                                                                                                                                                                                                                                                                                                                                                                                                                                                                                                                                                                                                                                                                                                                                 
  logging.js                             |   70.58 |       45 |      80 |   70.58 | 15,27,51-61,90                                                                                                                                                                                                                                                                                                                                                                                                                                                                                                                                                                                                                                                                                                                                                                                                                                                                                                                                                                                                                                                                                                                                                  
  maintenance.js                         |   70.73 |    82.22 |     100 |   70.73 | 29-38,65,91,107-109                                                                                                                                                                                                                                                                                                                                                                                                                                                                                                                                                                                                                                                                                                                                                                                                                                                                                                                                                                                                                                                                                                                                             
  pagination.js                          |   39.21 |    59.09 |   71.42 |   39.21 | 41-92,117-129                                                                                                                                                                                                                                                                                                                                                                                                                                                                                                                                                                                                                                                                                                                                                                                                                                                                                                                                                                                                                                                                                                                                                   
  partnerReferralCampaignCapture.js      |   93.75 |    81.48 |      90 |   93.61 | 30,64,93                                                                                                                                                                                                                                                                                                                                                                                                                                                                                                                                                                                                                                                                                                                                                                                                                                                                                                                                                                                                                                                                                                                                                        
  permissions.js                         |   57.89 |    64.78 |   65.38 |   57.94 | 117-118,262,271-278,297-449                                                                                                                                                                                                                                                                                                                                                                                                                                                                                                                                                                                                                                                                                                                                                                                                                                                                                                                                                                                                                                                                                                                                     
  rateLimits.js                          |   83.72 |    60.71 |   71.42 |   82.92 | 28,178-180,216,219,249                                                                                                                                                                                                                                                                                                                                                                                                                                                                                                                                                                                                                                                                                                                                                                                                                                                                                                                                                                                                                                                                                                                                          
  reviewModeration.js                    |       5 |        0 |       0 |       5 | 22-290                                                                                                                                                                                                                                                                                                                                                                                                                                                                                                                                                                                                                                                                                                                                                                                                                                                                                                                                                                                                                                                                                                                                                          
  sanitize.js                            |   90.47 |    81.25 |      75 |   90.47 | 21-22                                                                                                                                                                                                                                                                                                                                                                                                                                                                                                                                                                                                                                                                                                                                                                                                                                                                                                                                                                                                                                                                                                                                                           
  searchCache.js                         |   36.44 |    34.48 |   46.66 |   36.44 | 56,78-137,152,162-177,198-199,218,226-318                                                                                                                                                                                                                                                                                                                                                                                                                                                                                                                                                                                                                                                                                                                                                                                                                                                                                                                                                                                                                                                                                                                       
  security.js                            |   96.42 |       79 |     100 |   96.29 | 28,49,54,219                                                                                                                                                                                                                                                                                                                                                                                                                                                                                                                                                                                                                                                                                                                                                                                                                                                                                                                                                                                                                                                                                                                                                    
  seo.js                                 |     100 |      100 |     100 |     100 |                                                                                                                                                                                                                                                                                                                                                                                                                                                                                                                                                                                                                                                                                                                                                                                                                                                                                                                                                                                                                                                                                                                                                                 
  subscriptionGate.js                    |      84 |    85.71 |     100 |   83.67 | 10,16,22,64-65,73,86-87                                                                                                                                                                                                                                                                                                                                                                                                                                                                                                                                                                                                                                                                                                                                                                                                                                                                                                                                                                                                                                                                                                                                         
  subscriptionOverride.js                |       0 |      100 |       0 |       0 | 4-7                                                                                                                                                                                                                                                                                                                                                                                                                                                                                                                                                                                                                                                                                                                                                                                                                                                                                                                                                                                                                                                                                                                                                             
  token.js                               |   46.55 |    32.14 |      40 |   46.55 | 49-63,84-87,129-198                                                                                                                                                                                                                                                                                                                                                                                                                                                                                                                                                                                                                                                                                                                                                                                                                                                                                                                                                                                                                                                                                                                                             
  validation.js                          |   72.22 |     62.5 |   33.33 |   76.47 | 27-31                                                                                                                                                                                                                                                                                                                                                                                                                                                                                                                                                                                                                                                                                                                                                                                                                                                                                                                                                                                                                                                                                                                                                           
 EventFlow/routes                        |   32.49 |    23.57 |    27.9 |   32.82 |                                                                                                                                                                                                                                                                                                                                                                                                                                                                                                                                                                                                                                                                                                                                                                                                                                                                                                                                                                                                                                                                                                                                                                 
  admin-campaigns.js                     |   28.65 |    25.17 |   28.57 |   28.83 | 60-61,87,92,95,102-109,116,136,148,152,165,180-214,220-229,238-290,303-375,393-502                                                                                                                                                                                                                                                                                                                                                                                                                                                                                                                                                                                                                                                                                                                                                                                                                                                                                                                                                                                                                                                                              
  admin-cashout-requests.js              |   11.59 |        0 |       0 |   12.59 | 48-87,98-128,145-277,289-315                                                                                                                                                                                                                                                                                                                                                                                                                                                                                                                                                                                                                                                                                                                                                                                                                                                                                                                                                                                                                                                                                                                                    
  admin-config.js                        |   11.89 |     1.26 |   10.25 |   12.15 | 27,44,64-67,72-83,88-91,102-107,121-156,171-240,255-269,284-303,318-334,352-445,466-498,516-555,574-617,635-686,704-723,741-764                                                                                                                                                                                                                                                                                                                                                                                                                                                                                                                                                                                                                                                                                                                                                                                                                                                                                                                                                                                                                                 
  admin-debug-status.js                  |   84.61 |     12.5 |      50 |   84.61 | 38-39                                                                                                                                                                                                                                                                                                                                                                                                                                                                                                                                                                                                                                                                                                                                                                                                                                                                                                                                                                                                                                                                                                                                                           
  admin-debug.js                         |       0 |        0 |       0 |       0 | 9-405                                                                                                                                                                                                                                                                                                                                                                                                                                                                                                                                                                                                                                                                                                                                                                                                                                                                                                                                                                                                                                                                                                                                                           
  admin-email-centre.js                  |   66.66 |    36.36 |   42.85 |   66.66 | 17,62-73,97-124                                                                                                                                                                                                                                                                                                                                                                                                                                                                                                                                                                                                                                                                                                                                                                                                                                                                                                                                                                                                                                                                                                                                                 
  admin-email-logs.js                    |   92.85 |       50 |     100 |   92.85 | 18                                                                                                                                                                                                                                                                                                                                                                                                                                                                                                                                                                                                                                                                                                                                                                                                                                                                                                                                                                                                                                                                                                                                                              
  admin-email-previews.js                |   28.88 |        0 |       0 |   29.54 | 20-25,33-47,52-60,70-100                                                                                                                                                                                                                                                                                                                                                                                                                                                                                                                                                                                                                                                                                                                                                                                                                                                                                                                                                                                                                                                                                                                                        
  admin-external-contacts.js             |   16.66 |        0 |       0 |   17.24 | 21-24,29-97,103-122,128-154,160-184                                                                                                                                                                                                                                                                                                                                                                                                                                                                                                                                                                                                                                                                                                                                                                                                                                                                                                                                                                                                                                                                                                                             
  admin-homepage-collage-active.js       |   10.06 |        0 |       0 |   10.32 | 18-183,187-192,202-256,262-342,351-402                                                                                                                                                                                                                                                                                                                                                                                                                                                                                                                                                                                                                                                                                                                                                                                                                                                                                                                                                                                                                                                                                                                          
  admin-homepage-manager.js              |   17.47 |        0 |       0 |   17.47 | 28-33,38-47,52-66,76-129,140-157,168-185,196-223,234-252,258-277                                                                                                                                                                                                                                                                                                                                                                                                                                                                                                                                                                                                                                                                                                                                                                                                                                                                                                                                                                                                                                                                                                
  admin-management.js                    |   32.43 |        0 |       0 |   32.43 | 17-68,76-102                                                                                                                                                                                                                                                                                                                                                                                                                                                                                                                                                                                                                                                                                                                                                                                                                                                                                                                                                                                                                                                                                                                                                    
  admin-notification-work-queue.js       |   12.12 |        0 |       0 |   13.79 | 9-98                                                                                                                                                                                                                                                                                                                                                                                                                                                                                                                                                                                                                                                                                                                                                                                                                                                                                                                                                                                                                                                                                                                                                            
  admin-notifications.js                 |   20.83 |        0 |       0 |   20.83 | 33-62,84-110,126-144,151-157,163-169,175-181                                                                                                                                                                                                                                                                                                                                                                                                                                                                                                                                                                                                                                                                                                                                                                                                                                                                                                                                                                                                                                                                                                                    
  admin-partner.js                       |    9.37 |        0 |       0 |    9.94 | 32-83,100-160,172-268,282-317,326-353,364-402,413-434,445-475                                                                                                                                                                                                                                                                                                                                                                                                                                                                                                                                                                                                                                                                                                                                                                                                                                                                                                                                                                                                                                                                                                   
  admin-user-management.js               |    19.9 |    14.37 |   14.51 |   20.29 | 37-38,75,138,148-217,263-264,274-282,287-308,317-420,430-575,584-634,654-708,731-775,797-840,861-913,938,1009-1010,1030,1040-1041,1102-1103,1182-1183,1199-1264,1356-1357,1432-1433,1447-1466,1482-1535,1551-1605,1621-1673,1688-1785,1799-1887,1897-2019,2032-2082,2096-2131,2146-2166,2180-2243,2261-2303,2325-2416,2429-2557,2571-2578,2592-2618,2634-2672,2687-2739,2756-2785,2798-2855,2873-2987,3003-3075,3089-3115,3131-3258,3273-3349,3362-3413,3431-3457                                                                                                                                                                                                                                                                                                                                                                                                                                                                                                                                                                                                                                                                                               
  admin-v2.js                            |   14.66 |     9.86 |    5.08 |   15.42 | 56,68-78,90-103,124-171,191-228,247-310,328-365,385-476,496-553,574-630,650-703,726-759,779-834,854-896,916-1001,1024-1061,1081-1136,1156-1198,1222,1241-1254,1277-1289,1309-1370,1390-1455,1478,1509-1518,1540-1545,1564-1569,1588-1593,1616-1635,1654-1660,1679-1690,1709-1719,1747,1758,1777-1806,1821-1830,1849-1860                                                                                                                                                                                                                                                                                                                                                                                                                                                                                                                                                                                                                                                                                                                                                                                                                                        
  admin-webhooks-test.js                 |      18 |        0 |       0 |   19.14 | 41-54,71-153                                                                                                                                                                                                                                                                                                                                                                                                                                                                                                                                                                                                                                                                                                                                                                                                                                                                                                                                                                                                                                                                                                                                                    
  admin.js                               |   10.42 |     5.03 |    2.42 |   10.87 | 53-61,67,80-97,106-107,127-266,334-353,362-451,460-474,482-528,537-571,600-619,629-652,663,680-706,719-779,807-962,1004-1024,1034-1049,1061-1090,1105-1132,1147-1212,1228-1326,1338-1363,1375-1444,1458-1464,1478-1484,1507-1552,1568-1613,1633,1644-1671,1684-1708,1719-1760,1771-1787,1804-1835,1850-1889,1901-1950,1963-1993,2010-2077,2095-2138,2157-2245,2275-2402,2412-2482,2511-2536,2556-2566,2580-2602,2620-2638,2649-2699,2712-2718,2732-2764,2773-2785,2799-2831,2845-2867,2884-2972,2989-3055,3065-3071,3085-3117,3126-3138,3152-3184,3198-3220,3231-3242,3256-3285,3295-3332,3346-3549,3565-3595,3610-3670,3689-3727,3744-3821,3839-3930,3940-3949,3959-3996,4010-4042,4057-4092,4107-4129,4139-4144,4160-4178,4202-4241,4250-4263,4277-4329,4344-4474,4488-4497,4511-4550,4565-4681,4693-4704,4713-4785,4803-4834,4844-4876,4886-4903,4917-4957,4972-5004,5021,5027-5045,5054-5115,5129-5289,5299-5329,5344-5377,5392-5438,5451-5466,5490,5510,5565-5678,5745-5751,5777,5827-5870,5915-5921,5940-6057,6071-6148,6166-6242,6255-6279,6298-6348,6366-6417,6430-6474,6489-6545,6564-6594,6612-6691,6704-6723,6741-6799,6817-6863,6882-6915,6929-7043 
  ai.js                                  |     100 |      100 |     100 |     100 |                                                                                                                                                                                                                                                                                                                                                                                                                                                                                                                                                                                                                                                                                                                                                                                                                                                                                                                                                                                                                                                                                                                                                                 
  analytics.js                           |    10.1 |        0 |       0 |   10.21 | 23-44,84-136,145-199,211-251,263-396,405-453                                                                                                                                                                                                                                                                                                                                                                                                                                                                                                                                                                                                                                                                                                                                                                                                                                                                                                                                                                                                                                                                                                                    
  auth.js                                |   49.47 |    39.25 |   53.19 |   49.54 | 53,78,105-109,216,248-250,264,269,274,279,284,287,297,300,310,319,341-342,354,358,420,431-434,451,469-484,490-499,598-599,603-604,616-617,624-625,634-635,650-657,668,687-705,804-805,809-830,844,852-863,879-882,886,891-893,897-903,913,939-1030,1042-1095,1128-1129,1142-1143,1148-1149,1163,1198,1296,1329-1330,1339-1340,1360,1393,1433,1486,1503,1519,1537-1557,1572-1573,1578,1609-1673,1683-1687,1696-1697,1706-1734,1768-1793,1808-1845,1858-1935,1957-2031,2061-2101                                                                                                                                                                                                                                                                                                                                                                                                                                                                                                                                                                                                                                                                                  
  behaviour-analytics.js                 |   36.97 |    24.78 |   32.14 |   37.17 | 34,58-62,69,79,112-125,138-143,149,173-228,241-266,270-272,286-349,354-387,392-398,408-413                                                                                                                                                                                                                                                                                                                                                                                                                                                                                                                                                                                                                                                                                                                                                                                                                                                                                                                                                                                                                                                                      
  billing-hardened.js                    |       0 |      100 |       0 |       0 | 3-8                                                                                                                                                                                                                                                                                                                                                                                                                                                                                                                                                                                                                                                                                                                                                                                                                                                                                                                                                                                                                                                                                                                                                             
  cache.js                               |   40.81 |    16.66 |   33.33 |   39.58 | 26,41,59-62,67-78,84-93,103-112,124-134                                                                                                                                                                                                                                                                                                                                                                                                                                                                                                                                                                                                                                                                                                                                                                                                                                                                                                                                                                                                                                                                                                                         
  captcha.js                             |   38.46 |     12.5 |      40 |   36.84 | 20,25,32-35,39-55,60-72                                                                                                                                                                                                                                                                                                                                                                                                                                                                                                                                                                                                                                                                                                                                                                                                                                                                                                                                                                                                                                                                                                                                         
  catalog.js                             |   79.13 |    46.22 |   68.42 |   80.59 | 120-124,217-219,225-227,233-236,247,324-326,332-335,360,364,398-399                                                                                                                                                                                                                                                                                                                                                                                                                                                                                                                                                                                                                                                                                                                                                                                                                                                                                                                                                                                                                                                                                             
  categories.js                          |   21.42 |     4.16 |    12.5 |    22.5 | 21,29,37-43,52-87                                                                                                                                                                                                                                                                                                                                                                                                                                                                                                                                                                                                                                                                                                                                                                                                                                                                                                                                                                                                                                                                                                                                               
  contact.js                             |   32.14 |     3.12 |   33.33 |    31.7 | 30,35,43-46,50-129,139-204                                                                                                                                                                                                                                                                                                                                                                                                                                                                                                                                                                                                                                                                                                                                                                                                                                                                                                                                                                                                                                                                                                                                      
  csp.js                                 |      75 |      100 |      50 |      75 | 15-16                                                                                                                                                                                                                                                                                                                                                                                                                                                                                                                                                                                                                                                                                                                                                                                                                                                                                                                                                                                                                                                                                                                                                           
  customer-calendar.js                   |   89.65 |    79.54 |     100 |   89.28 | 47,93,98,155,188,230-231,266-267,273-274,324-325,353-354                                                                                                                                                                                                                                                                                                                                                                                                                                                                                                                                                                                                                                                                                                                                                                                                                                                                                                                                                                                                                                                                                                        
  customer-dashboard.js                  |   76.08 |    57.33 |      50 |   76.19 | 29-32,41,95-98,104-105,116-117,144,148-149,164-165,177,232-233                                                                                                                                                                                                                                                                                                                                                                                                                                                                                                                                                                                                                                                                                                                                                                                                                                                                                                                                                                                                                                                                                                  
  dashboard.js                           |   21.42 |        0 |       0 |   21.42 | 23-38,47-54,64-76,85-92,101-108,117-124,133-140,149-156                                                                                                                                                                                                                                                                                                                                                                                                                                                                                                                                                                                                                                                                                                                                                                                                                                                                                                                                                                                                                                                                                                         
  discovery.js                           |   36.95 |     9.09 |   28.57 |   35.55 | 23,31,45-48,97-108,159-170,221-232,244-255                                                                                                                                                                                                                                                                                                                                                                                                                                                                                                                                                                                                                                                                                                                                                                                                                                                                                                                                                                                                                                                                                                                      
  e2e-test-support.js                    |       0 |        0 |       0 |       0 | 3-425                                                                                                                                                                                                                                                                                                                                                                                                                                                                                                                                                                                                                                                                                                                                                                                                                                                                                                                                                                                                                                                                                                                                                           
  emailUnsubscribe.js                    |   58.82 |    67.74 |      50 |   58.82 | 79,88-123                                                                                                                                                                                                                                                                                                                                                                                                                                                                                                                                                                                                                                                                                                                                                                                                                                                                                                                                                                                                                                                                                                                                                       
  emailVerification.js                   |   23.63 |        0 |       0 |   23.63 | 26-110,123-177,190-201                                                                                                                                                                                                                                                                                                                                                                                                                                                                                                                                                                                                                                                                                                                                                                                                                                                                                                                                                                                                                                                                                                                                          
  google-redirect-auth.js                |    71.8 |    68.96 |   85.18 |    71.5 | 22-32,42,45,63,73,101,133,151,193-197,205-209,213-215,230-244,252-253,319-321,326-330,363-368,377-383,387-389,423-424,433-434                                                                                                                                                                                                                                                                                                                                                                                                                                                                                                                                                                                                                                                                                                                                                                                                                                                                                                                                                                                                                                   
  guests.js                              |   52.42 |    27.38 |    62.5 |   51.06 | 16,31,36-37,42-43,124-160,172-218,230-240                                                                                                                                                                                                                                                                                                                                                                                                                                                                                                                                                                                                                                                                                                                                                                                                                                                                                                                                                                                                                                                                                                                       
  index.js                               |   89.97 |    67.37 |      20 |   90.48 | 236-240,263,265,268-294,491-495,498-502,505                                                                                                                                                                                                                                                                                                                                                                                                                                                                                                                                                                                                                                                                                                                                                                                                                                                                                                                                                                                                                                                                                                                     
  integrations-external-contacts.js      |   93.02 |    81.15 |    90.9 |   93.02 | 56,81,87,138,203-204                                                                                                                                                                                                                                                                                                                                                                                                                                                                                                                                                                                                                                                                                                                                                                                                                                                                                                                                                                                                                                                                                                                                            
  maintenance.js                         |   52.94 |       25 |      50 |   52.94 | 18,21,27-42                                                                                                                                                                                                                                                                                                                                                                                                                                                                                                                                                                                                                                                                                                                                                                                                                                                                                                                                                                                                                                                                                                                                                     
  marketplace.js                         |   28.89 |    25.58 |   26.82 |   28.91 | 29,46,66-90,95,105-109,115,145-146,168,173-178,185,187,193-195,208,223,226,229,232-235,242,244,303-305,314-344,356-383,395-521,531-553,559-581,593-636,649-666,679-756,769-796                                                                                                                                                                                                                                                                                                                                                                                                                                                                                                                                                                                                                                                                                                                                                                                                                                                                                                                                                                                  
  messenger-v4.js                        |   15.96 |      4.3 |   11.11 |   16.02 | 26-53,67-88,109-134,150,188-204,222,229,248,252,272,280-326,347-496,510-550,561-577,593-619,638-658,682-835,850-889,905-939,956-988,1005-1045,1061-1071,1082-1108,1122-1164,1180-1211,1228-1274,1292-1338,1355-1407,1416-1435,1449-1480,1490-1503                                                                                                                                                                                                                                                                                                                                                                                                                                                                                                                                                                                                                                                                                                                                                                                                                                                                                                               
  metrics.js                             |   25.31 |     7.14 |   18.75 |      25 | 25,33,50-53,58-69,76,85-131,138-161,171-190                                                                                                                                                                                                                                                                                                                                                                                                                                                                                                                                                                                                                                                                                                                                                                                                                                                                                                                                                                                                                                                                                                                     
  misc.js                                |   69.09 |    58.06 |   81.81 |      68 | 28,34,44-72,137,157-158                                                                                                                                                                                                                                                                                                                                                                                                                                                                                                                                                                                                                                                                                                                                                                                                                                                                                                                                                                                                                                                                                                                                         
  newsletter.js                          |   14.44 |        0 |       0 |   14.94 | 33-138,150-218,228-271                                                                                                                                                                                                                                                                                                                                                                                                                                                                                                                                                                                                                                                                                                                                                                                                                                                                                                                                                                                                                                                                                                                                          
  notifications.js                       |   29.75 |    35.13 |      25 |   27.96 | 43,51,68-131,139-158,167-174,188-201,216-223,238-251,266-279,294-301,312-327                                                                                                                                                                                                                                                                                                                                                                                                                                                                                                                                                                                                                                                                                                                                                                                                                                                                                                                                                                                                                                                                                    
  packages.js                            |    26.3 |     16.5 |   34.69 |   25.78 | 61,82,106,123,131,139,146-149,155,162,169,176-208,218-222,239,246-247,268,273,280,284,290,311,327,364-369,372-373,397,404-405,419,435-450,463-471,489-572,590-603,621-633,651-685,704-736,753-784,807-851,864-868,882-893,907-918,932-980,994-1002,1017-1123                                                                                                                                                                                                                                                                                                                                                                                                                                                                                                                                                                                                                                                                                                                                                                                                                                                                                                    
  partner.js                             |   40.67 |    38.43 |   48.97 |   44.44 | 118-201,245-246,315,319-320,325-360,365-423,435-448,454-461,511,528-529,543,547-548,553-565,575-619,648,656,771-798,803-815,822-856,867-898                                                                                                                                                                                                                                                                                                                                                                                                                                                                                                                                                                                                                                                                                                                                                                                                                                                                                                                                                                                                                     
  payments.js                            |   21.52 |    15.55 |       0 |   21.98 | 32-35,40,54-98,109,125-235,251-274,283-317,322-341,349-355,360-368                                                                                                                                                                                                                                                                                                                                                                                                                                                                                                                                                                                                                                                                                                                                                                                                                                                                                                                                                                                                                                                                                              
  pexels.js                              |   11.51 |        0 |       0 |   11.51 | 25-71,87-108,123-151,166-169,181-183,196-260,280-323,339-361,376-405,421-443,459-481,497-520,536-559,574-578,591-595                                                                                                                                                                                                                                                                                                                                                                                                                                                                                                                                                                                                                                                                                                                                                                                                                                                                                                                                                                                                                                            
  phoneVerification.js                   |   22.05 |     6.89 |       0 |   22.05 | 22-23,31-120,133-197,210-230,243-254                                                                                                                                                                                                                                                                                                                                                                                                                                                                                                                                                                                                                                                                                                                                                                                                                                                                                                                                                                                                                                                                                                                            
  photos.js                              |   27.99 |    17.75 |   37.25 |   27.72 | 31,47,67,74-77,84,92,100,105-159,189-192,198,210,215-252,288,294,302,311,328-337,342-352,367-386,395-402,440-574,613,619,654-665,669-678,683-697,712,729-749,758,763,771-778,809-917,934-1007,1024,1037-1058,1075,1089-1108,1125-1146,1159-1178,1190-1212,1224-1240,1254-1276,1290-1317,1330-1356,1373-1415,1429-1457,1467-1505                                                                                                                                                                                                                                                                                                                                                                                                                                                                                                                                                                                                                                                                                                                                                                                                                                 
  plans-legacy.js                        |   35.23 |    31.25 |   38.46 |   35.63 | 33,41,59,67,75,88-101,105-115,126-150,162-173,181-189,194-220,233-248,259-267,298,326-327,336-337,391-392,400-448                                                                                                                                                                                                                                                                                                                                                                                                                                                                                                                                                                                                                                                                                                                                                                                                                                                                                                                                                                                                                                               
  plans.js                               |   34.56 |     26.5 |   21.05 |   35.21 | 34-35,47-59,118,142,168-169,179-180,218,227,245,248,259-260,279-296,309-331,343-489,509-553                                                                                                                                                                                                                                                                                                                                                                                                                                                                                                                                                                                                                                                                                                                                                                                                                                                                                                                                                                                                                                                                     
  postmark-webhook.js                    |   85.71 |    70.58 |     100 |   85.71 | 36,42,46,76,81,95,97,136,146-150,154-155                                                                                                                                                                                                                                                                                                                                                                                                                                                                                                                                                                                                                                                                                                                                                                                                                                                                                                                                                                                                                                                                                                                        
  profile.js                             |   33.81 |    18.68 |   56.25 |   33.49 | 32-37,48,54,57,70,104-137,146-309,320,326-333,337,372-382,393,400,404,411,430-431,441-505                                                                                                                                                                                                                                                                                                                                                                                                                                                                                                                                                                                                                                                                                                                                                                                                                                                                                                                                                                                                                                                                       
  public-calendar.js                     |   69.62 |    65.51 |   76.25 |   70.11 | 71,127,152-155,175,180,187,201,217-218,227-228,252,258-261,271,275,313,321,329,341-344,353-363,367-371,375,381-385,389-393,432,435-437,451-452,455-456,459-460,463-464,467-469,490,524-525,560-561,570,573,602-603,612,616-617,621-622,662-663,668-669,713,725-726,747-748,774-775,808-809,813-814,839-840,848-865,879,882,886,892,927-930,941-942,948-960,972,976,1002,1013-1014,1032,1036,1079-1080,1097-1098,1105,1122-1123,1134-1166                                                                                                                                                                                                                                                                                                                                                                                                                                                                                                                                                                                                                                                                                                                        
  public-listing-seo.js                  |   84.34 |    70.14 |    92.3 |   85.71 | 40,49-50,103-104,111-112,118-119,133-134,153-157,176,193-197                                                                                                                                                                                                                                                                                                                                                                                                                                                                                                                                                                                                                                                                                                                                                                                                                                                                                                                                                                                                                                                                                                    
  public-supplier-avatar.js              |   62.06 |    16.66 |      50 |   64.28 | 34-35,42-58                                                                                                                                                                                                                                                                                                                                                                                                                                                                                                                                                                                                                                                                                                                                                                                                                                                                                                                                                                                                                                                                                                                                                     
  public-supplier-seo.js                 |   91.78 |    78.26 |    92.3 |   91.66 | 34,40-41,86,138-142                                                                                                                                                                                                                                                                                                                                                                                                                                                                                                                                                                                                                                                                                                                                                                                                                                                                                                                                                                                                                                                                                                                                             
  public.js                              |   41.33 |    30.64 |   48.57 |   41.66 | 92-117,127-128,132,135,255,268-270,281,297,304,321-339,356-357,376-387,392-416,433-501,513-586,619,666-706                                                                                                                                                                                                                                                                                                                                                                                                                                                                                                                                                                                                                                                                                                                                                                                                                                                                                                                                                                                                                                                      
  quote-requests.js                      |   18.84 |        0 |       0 |   19.11 | 23-122,134-155,167-202                                                                                                                                                                                                                                                                                                                                                                                                                                                                                                                                                                                                                                                                                                                                                                                                                                                                                                                                                                                                                                                                                                                                          
  referrals.js                           |       0 |        0 |       0 |       0 | 8-235                                                                                                                                                                                                                                                                                                                                                                                                                                                                                                                                                                                                                                                                                                                                                                                                                                                                                                                                                                                                                                                                                                                                                           
  reports.js                             |   14.16 |        0 |       0 |   14.52 | 34-149,167-195,212-215,223-230,246-303,320-364                                                                                                                                                                                                                                                                                                                                                                                                                                                                                                                                                                                                                                                                                                                                                                                                                                                                                                                                                                                                                                                                                                                  
  review-requests.js                     |   77.72 |    67.22 |   79.16 |    78.5 | 78,84-88,93,115,147,154,165-166,179,191,198,223,239,277,315,349,361,369,374,377,380-394,397,428-429,441,455-456,461,477,505,513-515,521-528                                                                                                                                                                                                                                                                                                                                                                                                                                                                                                                                                                                                                                                                                                                                                                                                                                                                                                                                                                                                                     
  reviews-v2.js                          |   12.89 |        0 |       0 |   12.99 | 41-74,87-106,119-159,171-194,207-227,249-282,301-366,388-405,424-441,460-479,498-517,533-543,567-586,599-616,635-660,676-688,701-713,726-755,768-786,802-819,831-843,863-901                                                                                                                                                                                                                                                                                                                                                                                                                                                                                                                                                                                                                                                                                                                                                                                                                                                                                                                                                                                    
  reviews.js                             |   14.28 |     2.06 |   10.81 |   14.04 | 33,49,70-80,85-88,94-144,162-218,242-307,324-373,386-405,417-434,446-456,471-494,503-521,538-567,583-599,614-633,649-659,676-686,705-727,743-761,771-783,798-854,870-976                                                                                                                                                                                                                                                                                                                                                                                                                                                                                                                                                                                                                                                                                                                                                                                                                                                                                                                                                                                        
  saved.js                               |   16.45 |        0 |       0 |   16.88 | 23-55,74-127,148-186,205-223                                                                                                                                                                                                                                                                                                                                                                                                                                                                                                                                                                                                                                                                                                                                                                                                                                                                                                                                                                                                                                                                                                                                    
  search-v2.js                           |   17.91 |     3.77 |    4.76 |   17.91 | 72,80-81,93-125,137-179,195-238,250-262,274-296,308-326,342-367,379-398,410-420,436-458,470-492,504-525,541-550,562-572,584-593,609-623,640-650,663-673,685-712,724-753,771-797,815-841                                                                                                                                                                                                                                                                                                                                                                                                                                                                                                                                                                                                                                                                                                                                                                                                                                                                                                                                                                         
  search.js                              |   40.81 |       10 |   28.57 |   39.58 | 26,34,48-51,57-72,84-95,107-117,129-139                                                                                                                                                                                                                                                                                                                                                                                                                                                                                                                                                                                                                                                                                                                                                                                                                                                                                                                                                                                                                                                                                                                         
  settings.js                            |    20.4 |        0 |       0 |   20.83 | 22-44,53-103                                                                                                                                                                                                                                                                                                                                                                                                                                                                                                                                                                                                                                                                                                                                                                                                                                                                                                                                                                                                                                                                                                                                                    
  shortlist.js                           |    18.3 |        0 |       0 |   18.84 | 23-48,56-68,80-152,164-200,212-236                                                                                                                                                                                                                                                                                                                                                                                                                                                                                                                                                                                                                                                                                                                                                                                                                                                                                                                                                                                                                                                                                                                              
  static.js                              |    62.5 |    58.53 |   45.45 |   61.97 | 103-117,126-134,151-152,160-161,169,177                                                                                                                                                                                                                                                                                                                                                                                                                                                                                                                                                                                                                                                                                                                                                                                                                                                                                                                                                                                                                                                                                                                         
  subscriptions-v2.js                    |   18.13 |      5.2 |       0 |   18.22 | 27-31,47-127,134,149-224,235-237,257-318,333-390,405-454,463-497,502-509,524-532,536-539,544-548,561-603,616                                                                                                                                                                                                                                                                                                                                                                                                                                                                                                                                                                                                                                                                                                                                                                                                                                                                                                                                                                                                                                                    
  supplier-admin.js                      |    8.38 |     0.59 |    3.61 |    8.54 | 34,49,67-70,75-200,208-220,233-259,275-323,339-396,413-465,482-535,550-591,606-679,694-748,765-795,810-829,844-860,875-925,939-949,964-973,994-1031,1055-1136,1163-1310,1324-1489,1507-1535,1552-1600                                                                                                                                                                                                                                                                                                                                                                                                                                                                                                                                                                                                                                                                                                                                                                                                                                                                                                                                                           
  supplier-export-safe.js                |   96.87 |    56.25 |     100 |   96.77 | 13                                                                                                                                                                                                                                                                                                                                                                                                                                                                                                                                                                                                                                                                                                                                                                                                                                                                                                                                                                                                                                                                                                                                                              
  supplier-management.js                 |   36.46 |     21.1 |   41.66 |   36.36 | 51,69,93,101,109,116,123,133-166,180-202,219-343,361,368-388,394,406-408,413-414,420-421,428-450,458,471,489-513,523                                                                                                                                                                                                                                                                                                                                                                                                                                                                                                                                                                                                                                                                                                                                                                                                                                                                                                                                                                                                                                            
  supplier-profile-package-cards.js      |   67.64 |       40 |   66.66 |   67.64 | 21-24,35-36,41,46,52,59,74-75                                                                                                                                                                                                                                                                                                                                                                                                                                                                                                                                                                                                                                                                                                                                                                                                                                                                                                                                                                                                                                                                                                                                   
  supplier-profile-safe.js               |   50.72 |    28.84 |      40 |   53.03 | 28,39-40,45,50,57-67,74,78,107-108,113-130                                                                                                                                                                                                                                                                                                                                                                                                                                                                                                                                                                                                                                                                                                                                                                                                                                                                                                                                                                                                                                                                                                                      
  supplier.js                            |   23.54 |    19.83 |   19.14 |   23.62 | 34-89,101-131,143-249,261-306,318-352,364-430,442-509,587-613,628-757,767-1054,1079-1080,1091,1095,1121-1122,1134,1138,1180-1181,1196,1279-1280                                                                                                                                                                                                                                                                                                                                                                                                                                                                                                                                                                                                                                                                                                                                                                                                                                                                                                                                                                                                                 
  suppliers-v2.js                        |   51.65 |    29.09 |      68 |   50.34 | 28,44,64,71,78-81,87,94,108-126,141-172,191-221,245,252,257,265,292-293,320,324,331,336,345,364,377,385-386                                                                                                                                                                                                                                                                                                                                                                                                                                                                                                                                                                                                                                                                                                                                                                                                                                                                                                                                                                                                                                                     
  suppliers.js                           |   40.83 |    27.57 |      33 |   42.28 | 33,49,69,76,81,86-87,91-92,96-97,106,153,173-194,223,247,250,253-256,293,303-304,318,347-363,385,389-390,399-451,469,508-509,518-597,606-718,727-785,797-830,855,864,872,882,900-905,930-931,949-989,1009-1025                                                                                                                                                                                                                                                                                                                                                                                                                                                                                                                                                                                                                                                                                                                                                                                                                                                                                                                                                  
  system-checks-admin.js                 |    56.6 |    35.71 |      25 |    56.6 | 33,70-75,90-101,116-133                                                                                                                                                                                                                                                                                                                                                                                                                                                                                                                                                                                                                                                                                                                                                                                                                                                                                                                                                                                                                                                                                                                                         
  system.js                              |   60.23 |    39.49 |   93.33 |      60 | 29,67,78,102,135-158,171,187,215,253,271,292-322,335-342,357-373,381,400,429,470-565                                                                                                                                                                                                                                                                                                                                                                                                                                                                                                                                                                                                                                                                                                                                                                                                                                                                                                                                                                                                                                                                            
  telemetry.js                           |    90.9 |    80.64 |     100 |    90.9 | 18,24,41                                                                                                                                                                                                                                                                                                                                                                                                                                                                                                                                                                                                                                                                                                                                                                                                                                                                                                                                                                                                                                                                                                                                                        
  tickets.js                             |   66.79 |    53.57 |   78.26 |   66.79 | 71-72,93-97,137,141,151,161,200-201,214,235-240,255-256,283-286,291-294,310,315-326,346-347,359-377,397,404,412,416,432,442,450-469,487-488,500-530,551,557,562,569,586,632,647,670,690-691                                                                                                                                                                                                                                                                                                                                                                                                                                                                                                                                                                                                                                                                                                                                                                                                                                                                                                                                                                     
  twoFactor.js                           |   21.62 |        0 |       0 |   21.91 | 27-69,82-137,150-219,232-243                                                                                                                                                                                                                                                                                                                                                                                                                                                                                                                                                                                                                                                                                                                                                                                                                                                                                                                                                                                                                                                                                                                                    
  webhooks.js                            |    8.98 |        0 |       0 |    8.98 | 47-380                                                                                                                                                                                                                                                                                                                                                                                                                                                                                                                                                                                                                                                                                                                                                                                                                                                                                                                                                                                                                                                                                                                                                          
  wedding-theme-media.js                 |   22.98 |        0 |       0 |    23.8 | 24,26,36-151,155,166-176,181-190                                                                                                                                                                                                                                                                                                                                                                                                                                                                                                                                                                                                                                                                                                                                                                                                                                                                                                                                                                                                                                                                                                                                
  wedding-websites.js                    |   76.79 |    65.95 |    72.5 |      77 | 72,125,145-150,170,201,207,213,233-234,258,266,335,353-354,369,410-435,442-450,463,506,508,514-516,529,538,547-549,558-560,571-573,577,580,583,588,600,629,664,698,702,706,728,751,755,761,822-834,842,852-867,878-900,956,961                                                                                                                                                                                                                                                                                                                                                                                                                                                                                                                                                                                                                                                                                                                                                                                                                                                                                                                                  
 EventFlow/services                      |   63.88 |    59.04 |   66.75 |   64.19 |                                                                                                                                                                                                                                                                                                                                                                                                                                                                                                                                                                                                                                                                                                                                                                                                                                                                                                                                                                                                                                                                                                                                                                 
  actionPromptScheduler.js               |   14.75 |     8.18 |   11.76 |   14.83 | 90-248,269,313-636                                                                                                                                                                                                                                                                                                                                                                                                                                                                                                                                                                                                                                                                                                                                                                                                                                                                                                                                                                                                                                                                                                                                              
  actionPromptService.js                 |   97.69 |    83.76 |   91.66 |   97.61 | 356,405,429                                                                                                                                                                                                                                                                                                                                                                                                                                                                                                                                                                                                                                                                                                                                                                                                                                                                                                                                                                                                                                                                                                                                                     
  adminService.js                        |    2.24 |        0 |       0 |    2.39 | 18-518                                                                                                                                                                                                                                                                                                                                                                                                                                                                                                                                                                                                                                                                                                                                                                                                                                                                                                                                                                                                                                                                                                                                                          
  adminUserDeletion.service.js           |   67.48 |    51.81 |   77.77 |   67.92 | 37-40,54-57,60-63,70-73,76-95,113,119,129,139-146,154-161,168-169,225-226,331,335-337                                                                                                                                                                                                                                                                                                                                                                                                                                                                                                                                                                                                                                                                                                                                                                                                                                                                                                                                                                                                                                                                           
  adminUserSummary.service.js            |   94.42 |    77.65 |   88.57 |   95.59 | 44,81,121,124,317,333,336,343,359,637                                                                                                                                                                                                                                                                                                                                                                                                                                                                                                                                                                                                                                                                                                                                                                                                                                                                                                                                                                                                                                                                                                                           
  analyticsService.js                    |       0 |        0 |       0 |       0 | 8-143                                                                                                                                                                                                                                                                                                                                                                                                                                                                                                                                                                                                                                                                                                                                                                                                                                                                                                                                                                                                                                                                                                                                                           
  auth.service.js                        |   62.22 |    53.39 |      75 |   62.22 | 53,58,61,64,67,73,79,87-94,149-150,156-157,179-200,213,221-222,245-246,258,262,267,275,280,284,310,318,326,330,334,339,383-386,403-404,416                                                                                                                                                                                                                                                                                                                                                                                                                                                                                                                                                                                                                                                                                                                                                                                                                                                                                                                                                                                                                      
  availability.service.js                |    93.8 |    81.37 |     100 |   93.39 | 31,55,85,129,141,194,206                                                                                                                                                                                                                                                                                                                                                                                                                                                                                                                                                                                                                                                                                                                                                                                                                                                                                                                                                                                                                                                                                                                                        
  backgroundJobTelemetry.service.js      |   92.85 |    72.22 |   97.95 |   92.45 | 26,92,115,235,308,325-326,332,339,352,480,520                                                                                                                                                                                                                                                                                                                                                                                                                                                                                                                                                                                                                                                                                                                                                                                                                                                                                                                                                                                                                                                                                                                   
  backgroundJobTelemetryBridge.js        |   84.02 |    81.22 |   92.85 |    83.8 | 24,217-218,224,231-235,260,289,309,339,355-360,376,405-416,420                                                                                                                                                                                                                                                                                                                                                                                                                                                                                                                                                                                                                                                                                                                                                                                                                                                                                                                                                                                                                                                                                                  
  catalogCache.js                        |   39.02 |    16.66 |      50 |   39.02 | 70-71,86,105-169                                                                                                                                                                                                                                                                                                                                                                                                                                                                                                                                                                                                                                                                                                                                                                                                                                                                                                                                                                                                                                                                                                                                                
  contentSanitizer.js                    |   40.42 |    26.66 |    37.5 |   42.22 | 43,47,61,68-70,86,96-167                                                                                                                                                                                                                                                                                                                                                                                                                                                                                                                                                                                                                                                                                                                                                                                                                                                                                                                                                                                                                                                                                                                                        
  dateManagementService.js               |       0 |        0 |       0 |       0 | 8-552                                                                                                                                                                                                                                                                                                                                                                                                                                                                                                                                                                                                                                                                                                                                                                                                                                                                                                                                                                                                                                                                                                                                                           
  deploymentMetadataPreload.js           |      80 |    41.66 |      50 |      80 | 22,41-42                                                                                                                                                                                                                                                                                                                                                                                                                                                                                                                                                                                                                                                                                                                                                                                                                                                                                                                                                                                                                                                                                                                                                        
  discovery.service.js                   |       0 |        0 |       0 |       0 | 8-172                                                                                                                                                                                                                                                                                                                                                                                                                                                                                                                                                                                                                                                                                                                                                                                                                                                                                                                                                                                                                                                                                                                                                           
  email.service.js                       |   76.92 |      100 |      75 |   76.92 | 33-38,95                                                                                                                                                                                                                                                                                                                                                                                                                                                                                                                                                                                                                                                                                                                                                                                                                                                                                                                                                                                                                                                                                                                                                        
  emailLog.service.js                    |   73.91 |    59.51 |    91.3 |   73.91 | 62-64,78,108,173,177,191,195,199,203,207,215,218,221,248-277,287,291-295,313,337                                                                                                                                                                                                                                                                                                                                                                                                                                                                                                                                                                                                                                                                                                                                                                                                                                                                                                                                                                                                                                                                                
  googleAuth.service.js                  |   82.92 |    64.91 |    92.3 |   83.95 | 43,55,68,81,97,107-112,117,134,139,151                                                                                                                                                                                                                                                                                                                                                                                                                                                                                                                                                                                                                                                                                                                                                                                                                                                                                                                                                                                                                                                                                                                          
  messenger-v4-lifecycle-patch.js        |    9.02 |     0.92 |       0 |     9.6 | 16-61,66-187,196-272,280-289,296-325,334-385,398-418                                                                                                                                                                                                                                                                                                                                                                                                                                                                                                                                                                                                                                                                                                                                                                                                                                                                                                                                                                                                                                                                                                            
  messenger-v4.service.js                |   78.76 |    66.45 |   79.74 |   78.82 | 42-51,61,87,95,119-127,150-170,188,202-208,230,233,380,438-440,524-530,569,613-614,696,703,712-718,768-778,782,828,848,876,929,951-957,969,996,1012,1130,1140,1196,1275,1359,1390,1392-1393,1443-1508,1534,1551,1573                                                                                                                                                                                                                                                                                                                                                                                                                                                                                                                                                                                                                                                                                                                                                                                                                                                                                                                                            
  messengerMetrics.js                    |   44.44 |        0 |      25 |    37.5 | 35-53                                                                                                                                                                                                                                                                                                                                                                                                                                                                                                                                                                                                                                                                                                                                                                                                                                                                                                                                                                                                                                                                                                                                                           
  notification.service.js                |   32.39 |    39.18 |   21.73 |   31.88 | 95,110-327,355-461                                                                                                                                                                                                                                                                                                                                                                                                                                                                                                                                                                                                                                                                                                                                                                                                                                                                                                                                                                                                                                                                                                                                              
  notificationService.js                 |       0 |        0 |       0 |       0 | 18-77                                                                                                                                                                                                                                                                                                                                                                                                                                                                                                                                                                                                                                                                                                                                                                                                                                                                                                                                                                                                                                                                                                                                                           
  notifyAdmins.service.js                |   61.11 |    11.76 |      50 |   61.11 | 46-66                                                                                                                                                                                                                                                                                                                                                                                                                                                                                                                                                                                                                                                                                                                                                                                                                                                                                                                                                                                                                                                                                                                                                           
  package.service.js                     |       0 |        0 |       0 |       0 | 8-305                                                                                                                                                                                                                                                                                                                                                                                                                                                                                                                                                                                                                                                                                                                                                                                                                                                                                                                                                                                                                                                                                                                                                           
  partnerService.js                      |   90.76 |    73.51 |    92.3 |   93.98 | 149-159,172-179,556-557                                                                                                                                                                                                                                                                                                                                                                                                                                                                                                                                                                                                                                                                                                                                                                                                                                                                                                                                                                                                                                                                                                                                         
  paymentService.js                      |   42.72 |    35.23 |   45.45 |   44.33 | 20-240,267-268                                                                                                                                                                                                                                                                                                                                                                                                                                                                                                                                                                                                                                                                                                                                                                                                                                                                                                                                                                                                                                                                                                                                                  
  presenceService.js                     |   67.54 |    55.31 |   92.85 |   68.14 | 52-58,74,85-93,114,126-128,140,150-157,176-177,196-197,216-229,243-244,289                                                                                                                                                                                                                                                                                                                                                                                                                                                                                                                                                                                                                                                                                                                                                                                                                                                                                                                                                                                                                                                                                      
  publicListingSeo.service.js            |   88.64 |    71.42 |     100 |   91.63 | 29-30,32-33,90,101,105,116,130,406,465-467,489-491,495-496,521-522                                                                                                                                                                                                                                                                                                                                                                                                                                                                                                                                                                                                                                                                                                                                                                                                                                                                                                                                                                                                                                                                                              
  publicSupplierAvatar.service.js        |   80.88 |    65.21 |   78.94 |   82.08 | 25,28,46,57-73,87-88,164,170,215,223,227,233,238,254                                                                                                                                                                                                                                                                                                                                                                                                                                                                                                                                                                                                                                                                                                                                                                                                                                                                                                                                                                                                                                                                                                            
  publicSupplierSeo.service.js           |   92.91 |    77.77 |     100 |   92.91 | 64,72,153,166,170,182,186,195,339                                                                                                                                                                                                                                                                                                                                                                                                                                                                                                                                                                                                                                                                                                                                                                                                                                                                                                                                                                                                                                                                                                                               
  quoteBooking.service.js                |   84.61 |    78.46 |     100 |   84.61 | 29,44,60,67,92,153,183,186,189,195,212,217,231,244                                                                                                                                                                                                                                                                                                                                                                                                                                                                                                                                                                                                                                                                                                                                                                                                                                                                                                                                                                                                                                                                                                              
  reviewRequestMaintenance.service.js    |   81.63 |       50 |      75 |   81.63 | 18,88-103,117-118                                                                                                                                                                                                                                                                                                                                                                                                                                                                                                                                                                                                                                                                                                                                                                                                                                                                                                                                                                                                                                                                                                                                               
  reviewService.js                       |    62.5 |    60.64 |   51.35 |   62.08 | 102,173-174,185,191,239,338-353,368,372,402,422,449-566,591-611                                                                                                                                                                                                                                                                                                                                                                                                                                                                                                                                                                                                                                                                                                                                                                                                                                                                                                                                                                                                                                                                                                 
  searchService.js                       |   90.17 |    75.87 |   92.96 |      90 | 133,211,618-619,701,723,733-734,803,832,882,889,905,925,939-949,956-962,983,990,1001-1005,1016-1020,1025-1046,1179,1450,1455,1494-1496,1568,1618                                                                                                                                                                                                                                                                                                                                                                                                                                                                                                                                                                                                                                                                                                                                                                                                                                                                                                                                                                                                                
  settings.service.js                    |       0 |        0 |       0 |       0 | 8-259                                                                                                                                                                                                                                                                                                                                                                                                                                                                                                                                                                                                                                                                                                                                                                                                                                                                                                                                                                                                                                                                                                                                                           
  spamDetection.js                       |   72.72 |    68.11 |    92.3 |   72.03 | 50-56,85-97,116-120,147-162,188,255-256,261-262,306,314                                                                                                                                                                                                                                                                                                                                                                                                                                                                                                                                                                                                                                                                                                                                                                                                                                                                                                                                                                                                                                                                                                         
  subscriptionService.js                 |    88.1 |    78.77 |      90 |   88.28 | 28,49,53,62,151-152,182-187,199,290,297,318,351,359,376,444-460,485                                                                                                                                                                                                                                                                                                                                                                                                                                                                                                                                                                                                                                                                                                                                                                                                                                                                                                                                                                                                                                                                                             
  supplier.service.js                    |       0 |        0 |       0 |       0 | 8-617                                                                                                                                                                                                                                                                                                                                                                                                                                                                                                                                                                                                                                                                                                                                                                                                                                                                                                                                                                                                                                                                                                                                                           
  supplierProfilePackageCards.js         |   88.37 |    74.32 |     100 |    87.8 | 78,93-94,122,128,131,134,144-146,170,190-191,194-195,208-209,230,281,293,377                                                                                                                                                                                                                                                                                                                                                                                                                                                                                                                                                                                                                                                                                                                                                                                                                                                                                                                                                                                                                                                                                    
  supplierProfileProvisioning.service.js |    75.6 |    57.14 |   66.66 |    77.5 | 18-19,23-24,31,52,66,100-101                                                                                                                                                                                                                                                                                                                                                                                                                                                                                                                                                                                                                                                                                                                                                                                                                                                                                                                                                                                                                                                                                                                                    
  systemCheckService.js                  |      89 |    71.64 |   83.33 |   89.58 | 500,502,569-570,585,661-664,669-670                                                                                                                                                                                                                                                                                                                                                                                                                                                                                                                                                                                                                                                                                                                                                                                                                                                                                                                                                                                                                                                                                                                             
  upload.service.js                      |       0 |        0 |       0 |       0 | 8-85                                                                                                                                                                                                                                                                                                                                                                                                                                                                                                                                                                                                                                                                                                                                                                                                                                                                                                                                                                                                                                                                                                                                                            
  user.service.js                        |       0 |        0 |       0 |       0 | 8-287                                                                                                                                                                                                                                                                                                                                                                                                                                                                                                                                                                                                                                                                                                                                                                                                                                                                                                                                                                                                                                                                                                                                                           
  userProvenance.service.js              |   40.62 |    47.12 |    62.5 |   40.62 | 7-8,31,34,37,40,74,119,152,175-255                                                                                                                                                                                                                                                                                                                                                                                                                                                                                                                                                                                                                                                                                                                                                                                                                                                                                                                                                                                                                                                                                                                              
  verificationProvenance.service.js      |   78.23 |    68.57 |   74.28 |      80 | 31,37,53,62,75,84,93,100,122,132,151,167,180,183,186,260,269,295,308,317,326,335,354-375,402,406,422-424                                                                                                                                                                                                                                                                                                                                                                                                                                                                                                                                                                                                                                                                                                                                                                                                                                                                                                                                                                                                                                                        
 EventFlow/services/queue                |   42.18 |    38.46 |   33.33 |   42.85 |                                                                                                                                                                                                                                                                                                                                                                                                                                                                                                                                                                                                                                                                                                                                                                                                                                                                                                                                                                                                                                                                                                                                                                 
  index.js                               |   42.18 |    38.46 |   33.33 |   42.85 | 24-31,49-55,60,66,73-124                                                                                                                                                                                                                                                                                                                                                                                                                                                                                                                                                                                                                                                                                                                                                                                                                                                                                                                                                                                                                                                                                                                                        
 EventFlow/services/queue/workers        |   22.58 |     3.22 |   16.66 |   22.58 |                                                                                                                                                                                                                                                                                                                                                                                                                                                                                                                                                                                                                                                                                                                                                                                                                                                                                                                                                                                                                                                                                                                                                                 
  email.worker.js                        |       0 |        0 |       0 |       0 | 3-36                                                                                                                                                                                                                                                                                                                                                                                                                                                                                                                                                                                                                                                                                                                                                                                                                                                                                                                                                                                                                                                                                                                                                            
  notification.worker.js                 |   43.75 |     9.09 |      25 |   43.75 | 12-37                                                                                                                                                                                                                                                                                                                                                                                                                                                                                                                                                                                                                                                                                                                                                                                                                                                                                                                                                                                                                                                                                                                                                           
-----------------------------------------|---------|----------|---------|---------|-----------------------------------------------------------------------------------------------------------------------------------------------------------------------------------------------------------------------------------------------------------------------------------------------------------------------------------------------------------------------------------------------------------------------------------------------------------------------------------------------------------------------------------------------------------------------------------------------------------------------------------------------------------------------------------------------------------------------------------------------------------------------------------------------------------------------------------------------------------------------------------------------------------------------------------------------------------------------------------------------------------------------------------------------------------------------------------------------------------------------------------------------------------------

=============================== Coverage summary ===============================
Statements   : 39.02% ( 11284/28912 )
Branches     : 34.82% ( 7310/20988 )
Functions    : 38.82% ( 1566/4034 )
Lines        : 39.26% ( 10982/27968 )
================================================================================
Summary of all failing tests
FAIL tests/unit/partner-service.test.js
  ● PartnerService › getPendingPoints() › calculates pending package and subscription bonuses

    expect(received).toBe(expected) // Object.is equality

    Expected: 110
    Received: 125

    [0m [90m 741 |[39m       expect(result[33m.[39mpendingPackage)[33m.[39mtoBe([35m10[39m)[33m;[39m
     [90m 742 |[39m       expect(result[33m.[39mpendingSubscription)[33m.[39mtoBe([35m100[39m)[33m;[39m
    [31m[1m>[22m[39m[90m 743 |[39m       expect(result[33m.[39mtotalPending)[33m.[39mtoBe([35m110[39m)[33m;[39m
     [90m     |[39m                                   [31m[1m^[22m[39m
     [90m 744 |[39m     })[33m;[39m
     [90m 745 |[39m
     [90m 746 |[39m     it([32m'excludes already-qualified bonuses from pending'[39m[33m,[39m [36masync[39m () [33m=>[39m {[0m

      at Object.toBe (tests/unit/partner-service.test.js:743:35)

  ● PartnerService › getPendingPoints() › excludes already-qualified bonuses from pending

    expect(received).toBe(expected) // Object.is equality

    Expected: 100
    Received: 115

    [0m [90m 757 |[39m       expect(result[33m.[39mpendingPackage)[33m.[39mtoBe([35m0[39m)[33m;[39m
     [90m 758 |[39m       expect(result[33m.[39mpendingSubscription)[33m.[39mtoBe([35m100[39m)[33m;[39m
    [31m[1m>[22m[39m[90m 759 |[39m       expect(result[33m.[39mtotalPending)[33m.[39mtoBe([35m100[39m)[33m;[39m
     [90m     |[39m                                   [31m[1m^[22m[39m
     [90m 760 |[39m     })[33m;[39m
     [90m 761 |[39m
     [90m 762 |[39m     it([32m'ignores referrals outside the attribution window'[39m[33m,[39m [36masync[39m () [33m=>[39m {[0m

      at Object.toBe (tests/unit/partner-service.test.js:759:35)

  ● PartnerService › getPendingPoints() › ignores referrals outside the attribution window

    expect(received).toBe(expected) // Object.is equality

    Expected: 0
    Received: 15

    [0m [90m 772 |[39m
     [90m 773 |[39m       [36mconst[39m result [33m=[39m [36mawait[39m partnerService[33m.[39mgetPendingPoints([32m'prt_pending'[39m)[33m;[39m
    [31m[1m>[22m[39m[90m 774 |[39m       expect(result[33m.[39mtotalPending)[33m.[39mtoBe([35m0[39m)[33m;[39m
     [90m     |[39m                                   [31m[1m^[22m[39m
     [90m 775 |[39m     })[33m;[39m
     [90m 776 |[39m   })[33m;[39m
     [90m 777 |[39m[0m

      at Object.toBe (tests/unit/partner-service.test.js:774:35)

FAIL tests/unit/type-scale.test.js
  ● Type scale › partner-dashboard-v2.css declares only on-scale font sizes

    expect(received).toEqual(expected) // deep equality

    - Expected  -  1
    + Received  + 14

      Object {
        "file": "partner-dashboard-v2.css",
    -   "offScale": Array [],
    +   "offScale": Array [
    +     13.12,
    +     13.76,
    +     12.16,
    +     19.2,
    +     12.48,
    +     16.96,
    +     13.44,
    +     11.84,
    +     14.4,
    +     11.2,
    +     11.52,
    +     12.8,
    +   ],
      }

    [0m [90m 59 |[39m       [33m.[39mfilter(px [33m=>[39m [33m![39m[33mSCALE[39m[33m.[39msome(step [33m=>[39m [33mMath[39m[33m.[39mabs(step [33m-[39m px) [33m<[39m [35m0.01[39m))
     [90m 60 |[39m       [33m.[39mmap(px [33m=>[39m [33mMath[39m[33m.[39mround(px [33m*[39m [35m100[39m) [33m/[39m [35m100[39m)[33m;[39m
    [31m[1m>[22m[39m[90m 61 |[39m     expect({ file[33m,[39m offScale[33m:[39m [[33m...[39m[36mnew[39m [33mSet[39m(offScale)] })[33m.[39mtoEqual({ file[33m,[39m offScale[33m:[39m [] })[33m;[39m
     [90m    |[39m                                                        [31m[1m^[22m[39m
     [90m 62 |[39m   })[33m;[39m
     [90m 63 |[39m
     [90m 64 |[39m   test([32m'the scale stays lean — no creeping back to 20+ sizes'[39m[33m,[39m () [33m=>[39m {[0m

      at toEqual (tests/unit/type-scale.test.js:61:56)

  ● Type scale › the scale stays lean — no creeping back to 20+ sizes

    expect(received).toBeLessThanOrEqual(expected)

    Expected: <= 10
    Received:    12

    [0m [90m 71 |[39m     }
     [90m 72 |[39m     [90m// 10 steps in the scale; allow no more than that below the decorative line[39m
    [31m[1m>[22m[39m[90m 73 |[39m     expect(all[33m.[39msize)[33m.[39mtoBeLessThanOrEqual([33mSCALE[39m[33m.[39mlength)[33m;[39m
     [90m    |[39m                      [31m[1m^[22m[39m
     [90m 74 |[39m   })[33m;[39m
     [90m 75 |[39m })[33m;[39m
     [90m 76 |[39m[0m

      at Object.toBeLessThanOrEqual (tests/unit/type-scale.test.js:73:22)


Test Suites: 2 failed, 9 skipped, 391 passed, 393 of 402 total
Tests:       5 failed, 230 skipped, 7015 passed, 7250 total
Snapshots:   0 total
Time:        80.393 s
Ran all test suites.
Force exiting Jest: Have you considered using `--detectOpenHandles` to detect async operations that kept running after all tests finished?
FULL_REGRESSION_EXIT_CODE=1
